,code,feature
0,A000000147339,복합성 웜톤 트러블 모공 민감성 잡티 블랙헤드 
1,A000000137180,복합성 웜톤 트러블 모공 블랙헤드 잡티 민감성 
2,A000000141704,복합성 웜톤 트러블 모공 잡티 블랙헤드 민감성 
3,A000000104007,복합성 웜톤 모공 트러블 잡티 민감성 블랙헤드 
4,A000000146589,복합성 웜톤 트러블 모공 민감성 잡티 블랙헤드 
5,A000000016686,복합성 웜톤 모공 잡티 트러블 민감성 블랙헤드 
6,A000000161508,복합성 웜톤 모공 트러블 블랙헤드 잡티 각질 
7,A000000145578,복합성 웜톤 모공 트러블 잡티 민감성 블랙헤드 
8,A000000126862,복합성 쿨톤 트러블 모공 블랙헤드 민감성 잡티 
9,A000000156512,복합성 웜톤 잡티 트러블 모공 블랙헤드 민감성 
10,A000000150946,복합성 웜톤 트러블 모공 잡티 민감성 블랙헤드 
11,A000000148899,복합성 쿨톤 민감성 트러블 모공 잡티 주름 
12,A000000129008,복합성 웜톤 민감성 모공 트러블 블랙헤드 잡티 
13,A000000147524,복합성 웜톤 트러블 모공 블랙헤드 잡티 민감성 
14,A000000154177,복합성 웜톤 트러블 모공 블랙헤드 각질 잡티 
15,A000000157294,복합성 웜톤 모공 잡티 블랙헤드 민감성 주름 
16,A000000143827,복합성 웜톤 모공 트러블 잡티 각질 민감성 
17,A000000117541,복합성 쿨톤 모공 잡티 트러블 민감성 블랙헤드 
18,A000000012809,복합성 웜톤 민감성 잡티 트러블 모공 홍조 
19,A000000147387,복합성 웜톤 트러블 모공 민감성 잡티 블랙헤드 
20,A000000010474,복합성 웜톤 모공 민감성 트러블 블랙헤드 잡티 
21,A000000147313,복합성 웜톤 블랙헤드 모공 잡티 트러블 미백 
22,A000000106421,복합성 웜톤 모공 블랙헤드 잡티 트러블 민감성 
23,A000000153418,복합성 웜톤 민감성 모공 트러블 각질 블랙헤드 
24,A000000132162,복합성 웜톤 모공 트러블 민감성 블랙헤드 잡티 
25,A000000147984,복합성 웜톤 트러블 모공 잡티 탄력 민감성 
26,A000000154375,건성 쿨톤 잡티 주름 블랙헤드 트러블 피지과다 
27,A000000159921,복합성 웜톤 잡티 모공 트러블 민감성 탄력 
28,A000000164211,복합성 쿨톤 트러블 블랙헤드 모공 민감성 잡티 
29,A000000138573,복합성 웜톤 트러블 모공 잡티 민감성 블랙헤드 
30,A000000157691,복합성 웜톤 모공 블랙헤드 트러블 민감성 잡티 
31,A000000152050,복합성 웜톤 트러블 모공 블랙헤드 민감성 잡티 
32,A000000004434,복합성 웜톤 모공 트러블 민감성 잡티 블랙헤드 
33,A000000156148,복합성 웜톤 트러블 모공 블랙헤드 잡티 민감성 
34,A000000151966,복합성 웜톤 트러블 모공 블랙헤드 잡티 민감성 
35,A000000139068,복합성 웜톤 트러블 민감성 블랙헤드 모공 잡티 
36,A000000163655,복합성 쿨톤 모공 민감성 트러블 
37,A000000159265,복합성 웜톤 모공 트러블 민감성 잡티 블랙헤드 
38,A000000137624,지성 웜톤 블랙헤드 모공 트러블 잡티 피지과다 
39,A000000157776,복합성 쿨톤 모공 민감성 트러블 잡티 탄력 
40,A000000011268,복합성 웜톤 트러블 피지과다 모공 잡티 블랙헤드 
41,A000000145840,복합성 웜톤 트러블 잡티 블랙헤드 모공 민감성 
42,A000000155064,복합성 웜톤 트러블 민감성 모공 잡티 블랙헤드 
43,A000000158930,복합성 쿨톤 각질 모공 미백 
44,A000000137078,복합성 웜톤 모공 트러블 잡티 블랙헤드 민감성 
45,A000000152770,복합성 웜톤 모공 블랙헤드 트러블 잡티 민감성 
46,A000000149400,복합성 웜톤 트러블 민감성 모공 블랙헤드 피지과다 
47,A000000159182,복합성 웜톤 트러블 잡티 모공 민감성 블랙헤드 
48,A000000150947,복합성 웜톤 트러블 모공 민감성 잡티 블랙헤드 
49,A000000114676,복합성 웜톤 트러블 모공 블랙헤드 민감성 잡티 
50,A000000159657,복합성 웜톤 모공 트러블 잡티 미백 민감성 
51,A000000158113,건성 봄웜톤 다크서클 미백 민감성 주름 탄력 
52,A000000138982,복합성 웜톤 모공 블랙헤드 잡티 트러블 민감성 
53,A000000153883,건성 웜톤 잡티 탄력 각질 모공 민감성 
54,A000000113292,복합성 웜톤 잡티 민감성 트러블 모공 탄력 
55,A000000103651,복합성 웜톤 블랙헤드 잡티 각질 모공 홍조 
56,A000000130841,복합성 웜톤 트러블 모공 민감성 블랙헤드 잡티 
57,A000000159291,건성 웜톤 민감성 모공 잡티 트러블 미백 
58,A000000156235,복합성 쿨톤 모공 블랙헤드 트러블 탄력 민감성 
59,A000000157846,건성 웜톤 잡티 트러블 민감성 모공 블랙헤드 
60,A000000154625,복합성 웜톤 모공 탄력 민감성 주름 잡티 
61,A000000160562,복합성 웜톤 모공 탄력 잡티 미백 트러블 
62,A000000151951,복합성 웜톤 모공 트러블 민감성 홍조 블랙헤드 
63,A000000005767,복합성 웜톤 모공 트러블 잡티 홍조 미백 
64,A000000135974,복합성 웜톤 트러블 모공 민감성 잡티 블랙헤드 
65,A000000162038,건성 쿨톤 주름 탄력 모공 잡티 각질 
66,A000000113195,복합성 웜톤 트러블 모공 블랙헤드 잡티 민감성 
67,A000000163510,지성 쿨톤 모공 홍조 블랙헤드 아토피 트러블 
68,A000000129443,복합성 웜톤 모공 잡티 민감성 트러블 각질 
69,A000000006564,건성 쿨톤 모공 트러블 블랙헤드 미백 잡티 
70,A000000163417,복합성 웜톤 모공 트러블 홍조 블랙헤드 미백 
71,A000000138003,건성 웜톤 잡티 주름 미백 블랙헤드 민감성 
72,A000000148569,복합성 웜톤 트러블 잡티 모공 민감성 미백 
73,A000000002839,복합성 웜톤 트러블 민감성 모공 잡티 블랙헤드 
74,A000000157854,복합성 웜톤 모공 미백 블랙헤드 탄력 피지과다 
75,A000000112264,복합성 웜톤 블랙헤드 모공 트러블 피지과다 잡티 
76,A000000144042,복합성 웜톤 모공 트러블 잡티 민감성 블랙헤드 
77,A000000161314,복합성 웜톤 모공 트러블 블랙헤드 민감성 잡티 
78,A000000005766,복합성 쿨톤 블랙헤드 모공 민감성 트러블 홍조 
79,A000000154409,트러블성 웜톤 잡티 트러블 피지과다 각질 모공 
80,A000000144052,복합성 웜톤 모공 민감성 블랙헤드 트러블 잡티 
81,A000000144807,복합성 웜톤 트러블 주름 미백 민감성 모공 
82,A000000144803,복합성 쿨톤 모공 트러블 주름 탄력 잡티 
83,A000000015971,복합성 웜톤 트러블 모공 블랙헤드 미백 잡티 
84,A000000113806,복합성 웜톤 트러블 민감성 모공 블랙헤드 잡티 
85,A000000156858,복합성 쿨톤 트러블 각질 잡티 주름 민감성 
86,A000000163494,복합성 웜톤 미백 잡티 주름 탄력 
87,A000000158369,복합성 웜톤 모공 민감성 잡티 블랙헤드 트러블 
88,A000000158616,복합성 웜톤 모공 트러블 각질 블랙헤드 잡티 
89,A000000141719,복합성 쿨톤 각질 블랙헤드 트러블 잡티 모공 
90,A000000157991,복합성 웜톤 트러블 블랙헤드 모공 잡티 미백 
91,A000000116600,지성 웜톤 모공 트러블 탄력 미백 민감성 
92,A000000144680,복합성 웜톤 모공 트러블 잡티 블랙헤드 미백 
93,A000000139057,복합성 웜톤 잡티 모공 트러블 민감성 블랙헤드 
94,A000000114872,복합성 웜톤 트러블 모공 잡티 민감성 블랙헤드 
95,A000000150815,복합성 웜톤 모공 미백 블랙헤드 주름 탄력 
96,A000000147966,건성 웜톤 블랙헤드 모공 잡티 트러블 탄력 
97,A000000128323,복합성 웜톤 잡티 트러블 각질 피지과다 모공 
98,A000000149524,복합성 웜톤 잡티 트러블 주름 탄력 모공 
99,A000000145576,복합성 쿨톤 모공 트러블 블랙헤드 민감성 잡티 
100,A000000124507,복합성 웜톤 트러블 잡티 블랙헤드 모공 민감성 
101,A000000124502,복합성 웜톤 모공 트러블 각질 주름 민감성 
102,A000000011088,복합성 웜톤 미백 잡티 탄력 트러블 모공 
103,A000000154538,건성 웜톤 민감성 잡티 모공 블랙헤드 미백 
104,A000000115384,복합성 웜톤 모공 블랙헤드 트러블 잡티 민감성 
105,A000000159491,복합성 웜톤 모공 잡티 블랙헤드 트러블 미백 
106,A000000147360,복합성 웜톤 모공 민감성 블랙헤드 트러블 피지과다 
107,A000000115419,복합성 쿨톤 트러블 모공 블랙헤드 민감성 탄력 
108,A000000159712,복합성 웜톤 트러블 잡티 블랙헤드 모공 민감성 
109,A000000157555,지성 웜톤 모공 미백 블랙헤드 잡티 탄력 
110,A000000145838,복합성 웜톤 모공 블랙헤드 잡티 민감성 트러블 
111,A000000147964,복합성 웜톤 블랙헤드 트러블 모공 잡티 홍조 
112,A000000158419,복합성 웜톤 잡티 모공 탄력 미백 블랙헤드 
113,A000000158418,복합성 쿨톤 모공 민감성 블랙헤드 트러블 탄력 
114,A000000141330,복합성 웜톤 모공 미백 블랙헤드 트러블 각질 
115,A000000156040,복합성 쿨톤 모공 각질 트러블 민감성 블랙헤드 
116,A000000147015,복합성 가을웜톤 홍조 민감성 트러블 모공 다크서클 
117,A000000150467,복합성 쿨톤 모공 홍조 트러블 민감성 잡티 
118,A000000151953,민감성 봄웜톤 미백 민감성 잡티 트러블 피지과다 
119,A000000143973,복합성 웜톤 모공 잡티 트러블 미백 탄력 
120,A000000146262,복합성 쿨톤 트러블 민감성 블랙헤드 잡티 주름 
121,A000000123301,복합성 웜톤 트러블 모공 잡티 블랙헤드 민감성 
122,A000000152465,복합성 웜톤 모공 민감성 트러블 블랙헤드 잡티 
123,A000000157843,건성 겨울쿨톤 다크서클 트러블 블랙헤드 각질 피지과다 
124,A000000148252,복합성 웜톤 모공 트러블 민감성 블랙헤드 잡티 
125,A000000158322,복합성 웜톤 모공 미백 탄력 트러블 잡티 
126,A000000154540,복합성 웜톤 모공 트러블 민감성 블랙헤드 잡티 
127,A000000137388,복합성 웜톤 미백 블랙헤드 민감성 트러블 탄력 
128,A000000166043,복합성 웜톤 트러블 민감성 모공 잡티 블랙헤드 
129,A000000162662,복합성 웜톤 트러블 모공 잡티 민감성 블랙헤드 
130,A000000158110,복합성 웜톤 각질 잡티 모공 탄력 피지과다 
131,A000000112665,복합성 웜톤 모공 트러블 피지과다 블랙헤드 잡티 
132,A000000107027,복합성 웜톤 트러블 민감성 모공 잡티 블랙헤드 
133,A000000112419,복합성 웜톤 트러블 모공 각질 잡티 미백 
134,A000000112064,복합성 쿨톤 잡티 주름 트러블 모공 블랙헤드 
135,A000000159264,복합성 웜톤 모공 트러블 잡티 민감성 블랙헤드 
136,A000000111410,복합성 쿨톤 각질 모공 미백 블랙헤드 잡티 
137,A000000112354,복합성 웜톤 모공 미백 민감성 블랙헤드 잡티 
138,A000000113011,복합성 웜톤 트러블 잡티 모공 민감성 홍조 
139,A000000157851,건성 웜톤 블랙헤드 트러블 민감성 잡티 모공 
140,A000000115420,복합성 웜톤 모공 트러블 민감성 피지과다 홍조 
141,A000000115386,복합성 웜톤 모공 미백 민감성 잡티 탄력 
142,A000000155968,복합성 웜톤 미백 모공 트러블 민감성 각질 
143,A000000155994,복합성 웜톤 민감성 모공 잡티 트러블 미백 
144,A000000155345,복합성 웜톤 모공 잡티 탄력 블랙헤드 민감성 
145,A000000155000,건성 쿨톤 잡티 민감성 트러블 주름 모공 
146,A000000154923,복합성 쿨톤 트러블 잡티 모공 블랙헤드 민감성 
147,A000000115493,복합성 웜톤 탄력 모공 미백 주름 블랙헤드 
148,A000000154354,복합성 웜톤 모공 잡티 트러블 민감성 미백 
149,A000000116205,복합성 웜톤 트러블 잡티 블랙헤드 각질 모공 
150,A000000154506,복합성 웜톤 모공 민감성 트러블 블랙헤드 잡티 
151,A000000154565,복합성 웜톤 모공 블랙헤드 잡티 민감성 미백 
152,A000000115910,복합성 웜톤 민감성 트러블 모공 블랙헤드 홍조 
153,A000000157852,복합성 웜톤 트러블 모공 블랙헤드 민감성 잡티 
154,A000000115019,복합성 쿨톤 모공 탄력 각질 민감성 트러블 
155,A000000157244,복합성 쿨톤 모공 잡티 주름 탄력 블랙헤드 
156,A000000157258,민감성 웜톤 모공 미백 블랙헤드 잡티 트러블 
157,A000000113010,건성 쿨톤 모공 미백 잡티 탄력 블랙헤드 
158,A000000113009,복합성 웜톤 잡티 각질 모공 미백 트러블 
159,A000000112950,복합성 웜톤 모공 민감성 트러블 탄력 블랙헤드 
160,A000000112805,복합성 웜톤 트러블 모공 민감성 잡티 미백 
161,A000000113008,복합성 웜톤 모공 미백 트러블 민감성 
162,A000000113012,복합성 쿨톤 모공 블랙헤드 트러블 각질 잡티 
163,A000000156862,복합성 쿨톤 모공 트러블 잡티 민감성 탄력 
164,A000000156326,복합성 웜톤 모공 잡티 주름 탄력 트러블 
165,A000000114116,복합성 웜톤 트러블 잡티 모공 민감성 블랙헤드 
166,A000000156680,복합성 웜톤 잡티 트러블 미백 모공 민감성 
167,A000000156683,복합성 웜톤 잡티 트러블 모공 미백 주름 
168,A000000156725,복합성 웜톤 주름 블랙헤드 잡티 트러블 미백 
169,A000000129771,복합성 웜톤 트러블 민감성 모공 잡티 블랙헤드 
170,A000000014089,복합성 웜톤 모공 블랙헤드 미백 각질 민감성 
171,A000000014088,건성 쿨톤 블랙헤드 트러블 잡티 민감성 피지과다 
172,A000000011087,건성 웜톤 모공 주름 탄력 트러블 잡티 
173,A000000014948,복합성 웜톤 각질 트러블 피지과다 민감성 홍조 
174,A000000016152,건성 웜톤 모공 블랙헤드 잡티 트러블 피지과다 
175,A000000011086,복합성 웜톤 잡티 모공 블랙헤드 각질 주름 
176,A000000016751,복합성 웜톤 블랙헤드 모공 트러블 잡티 민감성 
177,A000000163896,건성 웜톤 잡티 탄력 민감성 모공 주름 
178,A000000016749,복합성 웜톤 모공 잡티 트러블 각질 블랙헤드 
179,A000000011085,지성 웜톤 각질 주름 모공 피지과다 블랙헤드 
180,A000000011084,건성 웜톤 트러블 잡티 블랙헤드 미백 민감성 
181,A000000005060,복합성 웜톤 잡티 트러블 주름 모공 민감성 
182,A000000163519,건성 쿨톤 각질 탄력 
183,A000000006565,복합성 웜톤 모공 트러블 민감성 잡티 블랙헤드 
184,A000000007413,건성 쿨톤 아토피 블랙헤드 민감성 잡티 미백 
185,A000000007414,복합성 웜톤 주름 민감성 홍조 모공 잡티 
186,A000000165599,복합성 웜톤 트러블 모공 민감성 블랙헤드 잡티 
187,A000000163512,건성 웜톤 각질 
188,A000000016873,복합성 웜톤 블랙헤드 트러블 잡티 각질 주름 
189,A000000160650,복합성 쿨톤 모공 트러블 각질 미백 블랙헤드 
190,A000000160817,복합성 웜톤 트러블 모공 민감성 블랙헤드 잡티 
191,A000000104969,복합성 웜톤 각질 모공 미백 잡티 주름 
192,A000000159466,복합성 웜톤 잡티 트러블 모공 블랙헤드 주름 
193,A000000159715,복합성 웜톤 트러블 민감성 잡티 모공 블랙헤드 
194,A000000104971,지성 웜톤 각질 모공 블랙헤드 잡티 주름 
195,A000000104970,복합성 웜톤 각질 모공 미백 블랙헤드 아토피 
196,A000000160305,복합성 웜톤 모공 트러블 피지과다 잡티 
197,A000000160395,복합성 웜톤 모공 민감성 미백 블랙헤드 트러블 
198,A000000160436,복합성 웜톤 모공 잡티 트러블 민감성 탄력 
199,A000000159800,복합성 웜톤 민감성 잡티 트러블 모공 홍조 
200,A000000103900,건성 쿨톤 민감성 잡티 각질 모공 트러블 
201,A000000104167,건성 웜톤 탄력 잡티 미백 모공 민감성 
202,A000000162618,건성 웜톤 모공 미백 민감성 
203,A000000162977,복합성 웜톤 잡티 피지과다 주름 탄력 미백 
204,A000000163097,복합성 웜톤 모공 트러블 블랙헤드 민감성 각질 
205,A000000103320,복합성 웜톤 모공 트러블 각질 피지과다 잡티 
206,A000000161282,복합성 웜톤 각질 트러블 
207,A000000104176,복합성 쿨톤 트러블 민감성 모공 잡티 주름 
208,A000000104169,복합성 쿨톤 모공 탄력 미백 잡티 주름 
209,A000000104173,복합성 웜톤 각질 모공 블랙헤드 탄력 트러블 
210,A000000153724,복합성 쿨톤 잡티 블랙헤드 피지과다 미백 각질 
211,A000000141032,복합성 웜톤 모공 홍조 잡티 트러블 각질 
212,A000000141252,건성 웜톤 탄력 
213,A000000141309,지성 웜톤 트러블 블랙헤드 잡티 모공 각질 
214,A000000141310,건성 웜톤 트러블 모공 블랙헤드 각질 민감성 
215,A000000141311,건성 웜톤 모공 트러블 각질 블랙헤드 잡티 
216,A000000141317,복합성 웜톤 트러블 각질 블랙헤드 모공 피지과다 
217,A000000141319,복합성 웜톤 트러블 잡티 블랙헤드 각질 미백 
218,A000000141327,복합성 쿨톤 잡티 탄력 모공 블랙헤드 미백 
219,A000000140891,복합성 웜톤 모공 트러블 민감성 잡티 탄력 
220,A000000140753,건성 웜톤 민감성 모공 트러블 각질 블랙헤드 
221,A000000140734,복합성 웜톤 모공 잡티 미백 트러블 탄력 
222,A000000138986,복합성 웜톤 모공 탄력 미백 각질 잡티 
223,A000000124503,복합성 쿨톤 모공 블랙헤드 민감성 각질 잡티 
224,A000000141403,건성 웜톤 잡티 모공 트러블 민감성 블랙헤드 
225,A000000139347,복합성 웜톤 민감성 모공 트러블 잡티 탄력 
226,A000000139348,복합성 웜톤 블랙헤드 민감성 모공 미백 잡티 
227,A000000139836,복합성 웜톤 잡티 트러블 민감성 홍조 미백 
228,A000000141417,복합성 웜톤 모공 트러블 잡티 미백 블랙헤드 
229,A000000141595,복합성 웜톤 모공 트러블 잡티 블랙헤드 탄력 
230,A000000141668,복합성 웜톤 모공 각질 블랙헤드 트러블 미백 
231,A000000143193,복합성 웜톤 각질 트러블 민감성 모공 잡티 
232,A000000143195,복합성 쿨톤 모공 트러블 잡티 홍조 민감성 
233,A000000143196,지성 쿨톤 미백 주름 트러블 탄력 각질 
234,A000000124493,복합성 웜톤 각질 잡티 트러블 블랙헤드 모공 
235,A000000143199,지성 웜톤 트러블 모공 미백 잡티 피지과다 
236,A000000124495,복합성 웜톤 잡티 모공 탄력 주름 블랙헤드 
237,A000000143228,복합성 웜톤 트러블 모공 민감성 블랙헤드 잡티 
238,A000000143458,복합성 웜톤 민감성 모공 트러블 잡티 블랙헤드 
239,A000000124326,건성 웜톤 민감성 블랙헤드 잡티 
240,A000000124194,복합성 웜톤 미백 아토피 잡티 주름 탄력 
241,A000000143970,건성 웜톤 잡티 민감성 트러블 각질 모공 
242,A000000143244,지성 웜톤 모공 트러블 
243,A000000138980,복합성 웜톤 트러블 잡티 모공 미백 블랙헤드 
244,A000000124496,건성 쿨톤 미백 잡티 주름 탄력 블랙헤드 
245,A000000124501,건성 웜톤 잡티 주름 민감성 탄력 각질 
246,A000000141718,복합성 웜톤 각질 트러블 모공 블랙헤드 
247,A000000124499,건성 웜톤 모공 민감성 블랙헤드 트러블 
248,A000000142945,복합성 웜톤 트러블 모공 탄력 블랙헤드 각질 
249,A000000142184,복합성 웜톤 모공 트러블 잡티 민감성 블랙헤드 
250,A000000142412,건성 쿨톤 홍조 트러블 민감성 피지과다 각질 
251,A000000142413,복합성 웜톤 모공 블랙헤드 잡티 트러블 민감성 
252,A000000142618,복합성 웜톤 모공 잡티 트러블 민감성 블랙헤드 
253,A000000142744,복합성 웜톤 민감성 잡티 모공 주름 탄력 
254,A000000142746,복합성 쿨톤 모공 트러블 잡티 홍조 민감성 
255,A000000138757,복합성 웜톤 잡티 트러블 모공 미백 민감성 
256,A000000138702,지성 웜톤 각질 모공 미백 블랙헤드 트러블 
257,A000000135773,복합성 웜톤 모공 탄력 주름 블랙헤드 잡티 
258,A000000129303,복합성 웜톤 모공 트러블 홍조 미백 민감성 
259,A000000129035,복합성 웜톤 트러블 모공 잡티 민감성 미백 
260,A000000136077,복합성 웜톤 모공 트러블 잡티 블랙헤드 민감성 
261,A000000135772,복합성 웜톤 블랙헤드 잡티 모공 미백 주름 
262,A000000128966,복합성 웜톤 모공 트러블 민감성 블랙헤드 잡티 
263,A000000137115,복합성 웜톤 트러블 모공 민감성 잡티 블랙헤드 
264,A000000137147,복합성 웜톤 모공 잡티 블랙헤드 트러블 주름 
265,A000000128322,복합성 웜톤 트러블 민감성 모공 탄력 블랙헤드 
266,A000000128107,복합성 웜톤 트러블 피지과다 잡티 홍조 민감성 
267,A000000135591,복합성 웜톤 모공 블랙헤드 잡티 미백 트러블 
268,A000000135374,복합성 쿨톤 모공 트러블 미백 잡티 각질 
269,A000000129772,복합성 웜톤 트러블 모공 민감성 잡티 블랙헤드 
270,A000000130397,건성 쿨톤 모공 미백 민감성 잡티 각질 
271,A000000135375,복합성 웜톤 민감성 트러블 모공 잡티 주름 
272,A000000129474,복합성 웜톤 트러블 민감성 블랙헤드 모공 잡티 
273,A000000129445,복합성 웜톤 민감성 모공 홍조 탄력 트러블 
274,A000000129444,복합성 웜톤 트러블 모공 블랙헤드 각질 민감성 
275,A000000144036,복합성 쿨톤 피지과다 잡티 트러블 모공 홍조 
276,A000000137386,복합성 웜톤 트러블 모공 잡티 민감성 블랙헤드 
277,A000000137417,복합성 쿨톤 모공 미백 잡티 주름 탄력 
278,A000000137834,복합성 웜톤 모공 트러블 잡티 각질 민감성 
279,A000000138002,건성 웜톤 모공 잡티 블랙헤드 민감성 트러블 
280,A000000124509,복합성 웜톤 잡티 트러블 주름 미백 피지과다 
281,A000000138008,복합성 웜톤 모공 트러블 미백 민감성 홍조 
282,A000000138010,복합성 웜톤 모공 블랙헤드 트러블 다크서클 미백 
283,A000000124511,건성 쿨톤 미백 잡티 주름 탄력 
284,A000000124508,건성 쿨톤 잡티 트러블 각질 모공 블랙헤드 
285,A000000138575,복합성 웜톤 모공 잡티 트러블 블랙헤드 민감성 
286,A000000138698,복합성 웜톤 주름 민감성 모공 각질 미백 
287,A000000138393,복합성 웜톤 모공 각질 주름 트러블 피지과다 
288,A000000137415,복합성 쿨톤 미백 블랙헤드 트러블 피지과다 홍조 
289,A000000124512,복합성 쿨톤 잡티 주름 피지과다 각질 모공 
290,A000000137657,건성 웜톤 블랙헤드 모공 트러블 각질 주름 
291,A000000137418,복합성 웜톤 모공 미백 잡티 
292,A000000137445,복합성 웜톤 모공 잡티 탄력 각질 미백 
293,A000000137446,복합성 웜톤 모공 잡티 탄력 각질 미백 
294,A000000137553,복합성 웜톤 모공 트러블 블랙헤드 잡티 민감성 
295,A000000137626,복합성 웜톤 블랙헤드 모공 트러블 잡티 홍조 
296,A000000125841,복합성 웜톤 모공 민감성 블랙헤드 아토피 주름 
297,A000000137652,복합성 웜톤 잡티 트러블 각질 블랙헤드 민감성 
298,A000000137502,복합성 웜톤 모공 트러블 민감성 잡티 블랙헤드 
299,A000000144041,복합성 웜톤 모공 블랙헤드 트러블 홍조 
300,A000000144122,복합성 쿨톤 모공 트러블 각질 블랙헤드 민감성 
301,A000000150816,복합성 쿨톤 모공 블랙헤드 주름 잡티 트러블 
302,A000000150945,복합성 웜톤 트러블 모공 미백 블랙헤드 잡티 
303,A000000119438,복합성 쿨톤 모공 블랙헤드 민감성 트러블 피지과다 
304,A000000118938,복합성 쿨톤 민감성 잡티 트러블 미백 블랙헤드 
305,A000000120123,복합성 웜톤 민감성 모공 피지과다 잡티 트러블 
306,A000000151890,복합성 쿨톤 트러블 모공 잡티 블랙헤드 민감성 
307,A000000118936,복합성 웜톤 트러블 모공 블랙헤드 잡티 각질 
308,A000000118427,건성 웜톤 블랙헤드 홍조 각질 모공 미백 
309,A000000151952,건성 쿨톤 블랙헤드 잡티 트러블 
310,A000000118247,복합성 쿨톤 홍조 주름 블랙헤드 모공 민감성 
311,A000000152047,복합성 웜톤 트러블 민감성 모공 잡티 블랙헤드 
312,A000000149429,건성 웜톤 모공 블랙헤드 잡티 
313,A000000149525,복합성 웜톤 모공 민감성 주름 트러블 잡티 
314,A000000120129,복합성 웜톤 트러블 모공 민감성 잡티 블랙헤드 
315,A000000150047,복합성 웜톤 모공 민감성 트러블 잡티 탄력 
316,A000000149939,복합성 웜톤 미백 탄력 
317,A000000149950,복합성 웜톤 모공 블랙헤드 트러블 미백 잡티 
318,A000000117997,복합성 웜톤 트러블 민감성 모공 블랙헤드 피지과다 
319,A000000152286,복합성 웜톤 모공 잡티 민감성 트러블 블랙헤드 
320,A000000153778,건성 웜톤 민감성 트러블 모공 미백 블랙헤드 
321,A000000153818,복합성 쿨톤 블랙헤드 모공 민감성 트러블 탄력 
322,A000000116603,복합성 웜톤 민감성 트러블 잡티 모공 홍조 
323,A000000153886,복합성 웜톤 잡티 모공 트러블 미백 탄력 
324,A000000116601,복합성 웜톤 탄력 모공 주름 트러블 민감성 
325,A000000153859,복합성 쿨톤 모공 트러블 잡티 민감성 블랙헤드 
326,A000000152051,복합성 웜톤 모공 트러블 블랙헤드 민감성 잡티 
327,A000000129559,복합성 쿨톤 민감성 트러블 모공 피지과다 각질 
328,A000000117865,복합성 웜톤 트러블 잡티 블랙헤드 각질 모공 
329,A000000153187,건성 웜톤 모공 민감성 미백 블랙헤드 아토피 
330,A000000153188,복합성 웜톤 민감성 탄력 모공 블랙헤드 잡티 
331,A000000117854,복합성 웜톤 블랙헤드 각질 잡티 모공 트러블 
332,A000000153727,복합성 웜톤 모공 잡티 트러블 피지과다 블랙헤드 
333,A000000116928,복합성 웜톤 민감성 트러블 블랙헤드 모공 잡티 
334,A000000153507,지성 웜톤 트러블 민감성 블랙헤드 모공 각질 
335,A000000116927,지성 쿨톤 트러블 주름 블랙헤드 미백 탄력 
336,A000000116658,복합성 웜톤 모공 트러블 잡티 민감성 블랙헤드 
337,A000000120482,복합성 웜톤 트러블 모공 블랙헤드 민감성 각질 
338,A000000145835,복합성 쿨톤 잡티 탄력 모공 블랙헤드 민감성 
339,A000000145845,복합성 웜톤 모공 민감성 트러블 홍조 각질 
340,A000000146263,건성 쿨톤 미백 탄력 민감성 트러블 주름 
341,A000000146315,복합성 웜톤 트러블 모공 잡티 블랙헤드 민감성 
342,A000000123149,복합성 웜톤 트러블 민감성 미백 블랙헤드 모공 
343,A000000145833,복합성 웜톤 트러블 모공 잡티 블랙헤드 민감성 
344,A000000146806,건성 웜톤 잡티 블랙헤드 탄력 트러블 주름 
345,A000000123148,복합성 웜톤 트러블 민감성 잡티 모공 홍조 
346,A000000147337,복합성 웜톤 트러블 민감성 모공 잡티 블랙헤드 
347,A000000145503,복합성 웜톤 잡티 민감성 트러블 모공 미백 
348,A000000144124,지성 웜톤 모공 각질 블랙헤드 피지과다 미백 
349,A000000144534,복합성 웜톤 모공 민감성 트러블 각질 주름 
350,A000000144540,복합성 쿨톤 각질 모공 미백 
351,A000000144551,복합성 웜톤 모공 트러블 잡티 블랙헤드 각질 
352,A000000124111,지성 쿨톤 민감성 모공 잡티 트러블 피지과다 
353,A000000145566,복합성 웜톤 모공 트러블 민감성 블랙헤드 잡티 
354,A000000124070,건성 웜톤 모공 잡티 탄력 블랙헤드 민감성 
355,A000000144914,복합성 웜톤 각질 홍조 주름 미백 잡티 
356,A000000144917,복합성 웜톤 모공 트러블 탄력 블랙헤드 잡티 
357,A000000145276,복합성 웜톤 미백 주름 탄력 트러블 민감성 
358,A000000145277,지성 웜톤 트러블 모공 피지과다 잡티 홍조 
359,A000000123588,복합성 웜톤 모공 민감성 트러블 블랙헤드 잡티 
360,A000000149231,건성 웜톤 잡티 주름 
361,A000000122661,복합성 웜톤 탄력 모공 잡티 미백 주름 
362,A000000148391,복합성 쿨톤 트러블 모공 블랙헤드 민감성 잡티 
363,A000000148416,복합성 웜톤 모공 잡티 블랙헤드 트러블 미백 
364,A000000148417,건성 웜톤 트러블 모공 블랙헤드 각질 잡티 
365,A000000121124,복합성 웜톤 트러블 블랙헤드 잡티 모공 각질 
366,A000000148729,복합성 웜톤 민감성 트러블 모공 잡티 탄력 
367,A000000149122,건성 쿨톤 블랙헤드 트러블 탄력 미백 주름 
368,A000000121122,복합성 웜톤 모공 잡티 트러블 블랙헤드 미백 
369,A000000122212,건성 웜톤 잡티 미백 주름 각질 홍조 
370,A000000148253,건성 웜톤 홍조 모공 잡티 민감성 각질 
371,A000000122094,복합성 쿨톤 모공 블랙헤드 주름 잡티 탄력 
372,A000000121274,복합성 웜톤 민감성 트러블 모공 잡티 홍조 
373,A000000148095,복합성 웜톤 모공 트러블 잡티 블랙헤드 주름 
